<?xml version="1.0"?>
<doc>
    <assembly>
        <name>ArcadeMakerEngine</name>
    </assembly>
    <members>
        <member name="F:ArcadeMaker.Controls.MouseButton.AnyButton">
            <summary>
            This value only works with <see cref="M:ArcadeMaker.Models.ObjectModel.MouseCheckButton(ArcadeMaker.Controls.MouseButton)"/>, <see cref="M:ArcadeMaker.Models.ObjectModel.MouseCheckButtonPressed(ArcadeMaker.Controls.MouseButton)"/> and <see cref="M:ArcadeMaker.Models.ObjectModel.MouseCheckButtonReleased(ArcadeMaker.Controls.MouseButton)"/> methods.
            </summary>
        </member>
        <member name="F:ArcadeMaker.Controls.VKey.AnyKey">
            <summary>
            This value only works with <see cref="M:ArcadeMaker.Models.ObjectModel.KeyboardCheck(ArcadeMaker.Controls.VKey)"/>, <see cref="M:ArcadeMaker.Models.ObjectModel.KeyboardCheckPressed(ArcadeMaker.Controls.VKey)"/> and <see cref="M:ArcadeMaker.Models.ObjectModel.KeyboardCheckReleased(ArcadeMaker.Controls.VKey)"/> methods.
            </summary>
        </member>
        <member name="M:ArcadeMaker.Extensions.ResizeImage(System.Drawing.Image,System.Int32,System.Int32)">
            <summary>
            Resize the image to the specified width and height.
            </summary>
            <param name="image">The image to resize.</param>
            <param name="width">The width to resize to.</param>
            <param name="height">The height to resize to.</param>
            <returns>The resized image.</returns>
        </member>
        <member name="F:ArcadeMaker.GameItems.RoomForm.components">
            <summary>
            Required designer variable.
            </summary>
        </member>
        <member name="M:ArcadeMaker.GameItems.RoomForm.Dispose(System.Boolean)">
            <summary>
            Clean up any resources being used.
            </summary>
            <param name="disposing">true if managed resources should be disposed; otherwise, false.</param>
        </member>
        <member name="M:ArcadeMaker.GameItems.RoomForm.InitializeComponent(System.String,System.Drawing.Size)">
            <summary>
            Required method for Designer support - do not modify
            the contents of this method with the code editor.
            </summary>
        </member>
        <member name="M:ArcadeMaker.Models.ObjectModel.RestartGame">
            <summary>
            <inheritdoc cref="M:Game.GamePlay.Restart" path="/summary"/>
            </summary>
        </member>
        <member name="P:ArcadeMaker.Models.RoomModel.view">
            <summary>
            Returns the first view of the <see cref="F:ArcadeMaker.Models.RoomModel.views"/> array, or <c>null</c> if views are not enabled.
            </summary>
        </member>
        <member name="M:ArcadeMaker.Models.RoomModel.InsertInstance(ArcadeMaker.Models.ObjectModel)">
            <summary>
            Inserting an existing instance to the room.
            </summary>
            <param name="obj">The instance to insert to the room.</param>
        </member>
        <member name="T:ArcadeMaker.Properties.Resources">
            <summary>
              A strongly-typed resource class, for looking up localized strings, etc.
            </summary>
        </member>
        <member name="P:Game.GamePlay.IsPaused">
            <summary>
            Whether the game is paused or not.
            </summary>
        </member>
        <member name="M:Game.GamePlay.Pause">
            <summary>
            Pause the game.
            </summary>
        </member>
        <member name="M:Game.GamePlay.Resume">
            <summary>
            If the game is paused, resume.
            </summary>
        </member>
        <member name="M:Game.GamePlay.Restart">
            <summary>
            Restart game.
            </summary>
        </member>
    </members>
</doc>
